﻿<?xml version="1.0" encoding="utf-8"?>
<doc>
  <assembly>
    <name>System.Net.NetworkInformation</name>
  </assembly>
  <members>
    <member name="T:System.Net.NetworkInformation.NetworkAddressChangedEventHandler">
      <summary>ネットワーク インターフェイスのアドレスが変更されたときに呼び出される 1 つ以上のメソッドを参照します。</summary>
      <param name="sender">イベントのソース。</param>
      <param name="e">イベントに関するデータを格納している <see cref="T:System.EventArgs" /> オブジェクト。</param>
    </member>
    <member name="T:System.Net.NetworkInformation.NetworkChange">
      <summary>アプリケーションで使用することにより、ネットワーク インターフェイス (ネットワーク カードまたはネットワーク アダプターと呼ばれる場合もあります) のインターネット プロトコル (IP) アドレスが変更されたときに通知を受け取ることができます。</summary>
    </member>
    <member name="E:System.Net.NetworkInformation.NetworkChange.NetworkAddressChanged">
      <summary>ネットワーク インターフェイスの IP アドレスが変更された場合に発生します。</summary>
    </member>
    <member name="T:System.Net.NetworkInformation.NetworkInterface">
      <summary>ネットワーク インターフェイスの構成情報および統計情報を提供します。</summary>
    </member>
    <member name="M:System.Net.NetworkInformation.NetworkInterface.GetIsNetworkAvailable">
      <summary>任意のネットワーク接続が使用できるかどうかを示します。</summary>
      <returns>ネットワーク接続が使用可能な場合は true。それ以外の場合は false。</returns>
    </member>
  </members>
</doc>