﻿<?xml version="1.0" encoding="utf-8"?>
<doc>
  <assembly>
    <name>System.Net.NetworkInformation</name>
  </assembly>
  <members>
    <member name="T:System.Net.NetworkInformation.NetworkAddressChangedEventHandler">
      <summary>引用在网络接口地址更改时调用的一个或多个方法。</summary>
      <param name="sender">事件源。</param>
      <param name="e">包含事件数据的 <see cref="T:System.EventArgs" /> 对象。</param>
    </member>
    <member name="T:System.Net.NetworkInformation.NetworkChange">
      <summary>使应用程序可以在网络接口（也称为网卡或网络适配器）的 Internet 协议 (IP) 地址更改时收到通知。</summary>
    </member>
    <member name="E:System.Net.NetworkInformation.NetworkChange.NetworkAddressChanged">
      <summary>在网络接口的 IP 地址更改时发生。</summary>
    </member>
    <member name="T:System.Net.NetworkInformation.NetworkInterface">
      <summary>提供网络接口的配置和统计信息。</summary>
    </member>
    <member name="M:System.Net.NetworkInformation.NetworkInterface.GetIsNetworkAvailable">
      <summary>指示是否有任何可用的网络连接。</summary>
      <returns>如果网络连接可用，则为 true；否则为 false。</returns>
    </member>
  </members>
</doc>