﻿<?xml version="1.0" encoding="utf-8"?>
<doc>
  <assembly>
    <name>System.Net.NetworkInformation</name>
  </assembly>
  <members>
    <member name="T:System.Net.NetworkInformation.NetworkAddressChangedEventHandler">
      <summary>Référence une ou plusieurs méthodes à appeler lorsque l'adresse d'une interface réseau change.</summary>
      <param name="sender">Source de l'événement. </param>
      <param name="e">Objet <see cref="T:System.EventArgs" /> qui contient les données relatives à l'événement. </param>
    </member>
    <member name="T:System.Net.NetworkInformation.NetworkChange">
      <summary>Permet à des applications de recevoir une notification lorsque l'adresse IP (Internet Protocol) d'une interface réseau (ou carte réseau) change.</summary>
    </member>
    <member name="E:System.Net.NetworkInformation.NetworkChange.NetworkAddressChanged">
      <summary>Se produit lorsque l'adresse IP d'une interface réseau change.</summary>
    </member>
    <member name="T:System.Net.NetworkInformation.NetworkInterface">
      <summary>Fournit des informations statistiques et de configuration pour une interface réseau.</summary>
    </member>
    <member name="M:System.Net.NetworkInformation.NetworkInterface.GetIsNetworkAvailable">
      <summary>Indique si une connexion réseau est disponible.</summary>
      <returns>true si une connexion réseau est disponible ; sinon, false.</returns>
    </member>
  </members>
</doc>